<rss version="2.0" xmlns:media="http://search.yahoo.com/mrss/" xmlns:jwplayer="http://developer.longtailvideo.com/trac/">
		<channel>
		<title>Cambodia Water Partner</title>
		<item><title>Video II</title><media:content url='http://www.youtube.com/watch?v=c1xBPrWH_yw' /><media:thumbnail url='imgs/681/money.jpeg' /><description>Video II</description><jwplayer:mediaid>681</jwplayer:mediaid><mediaid>681</mediaid><plist>money.jpeg</plist></item><item><title>Vedeo</title><media:content url='http://www.youtube.com/watch?v=HdHlfiOAJyE' /><media:thumbnail url='imgs/549/hqdefault.jpg' /><description>Vedeo</description><jwplayer:mediaid>549</jwplayer:mediaid><mediaid>549</mediaid><plist>hqdefault.jpg</plist></item></channel></rss>